2019-10-27 01:56:48,b'@TheRickWilson @HockeyFanGirl12 He just tweeted out that \xe2\x80\x9csomething big just happened\xe2\x80\x9d. My guess is that he broke i\xe2\x80\xa6 https://t.co/lHzasTEEbZ'
2019-10-27 01:52:14,b'RT @AustinDave_: BREAKING: Human remains found in Tick Fire burn area. @LASDHQ Homicide detectives and @CountyofLA coroner\xe2\x80\x99s office on scen\xe2\x80\xa6'
2019-10-27 01:49:37,b'RT @AustinDave_: BREAKING: Human remains found in Tick Fire burn area. @LASDHQ Homicide detectives and @CountyofLA coroner\xe2\x80\x99s office on scen\xe2\x80\xa6'
2019-10-27 01:38:51,"b'RT @KHTSRadio: In the wake of the #TickFire, officials and students with College of the Canyons hosted both families impacted by the fire a\xe2\x80\xa6'"
2019-10-27 01:32:14,b'RT @SCVSHERIFF: Thank you iCUE Culinary School students @canyons for providing dinner for first responders tonight! https://t.co/RaM6JMZPUr\xe2\x80\xa6'
2019-10-27 01:32:13,"b""RT @JFakhredin: @Y2ktagAdam @SpinningBy @WyldeHeartedSon @MouseFahy You'd be surprised. Who went to an all white segregated highschool yet\xe2\x80\xa6"""
2019-10-27 01:31:28,"b'RT @SCVSignal: The Tick Fire, which led to what officials are calling the largest wildfire evacuation in Santa Clarita\xe2\x80\x99s history, leaving 4\xe2\x80\xa6'"
2019-10-27 01:29:36,"b""@Y2ktagAdam @SpinningBy @WyldeHeartedSon @MouseFahy You'd be surprised. Who went to an all white segregated highsch\xe2\x80\xa6 https://t.co/bTlqLo7moq"""
2019-10-27 01:28:53,b'RT @SCVSHERIFF: Thank you iCUE Culinary School students @canyons for providing dinner for first responders tonight! https://t.co/RaM6JMZPUr\xe2\x80\xa6'
2019-10-27 01:28:44,b'RT @SCVSHERIFF: Thank you iCUE Culinary School students @canyons for providing dinner for first responders tonight! https://t.co/RaM6JMZPUr\xe2\x80\xa6'
2019-10-27 01:28:38,b'RT @SCVSHERIFF: Thank you iCUE Culinary School students @canyons for providing dinner for first responders tonight! https://t.co/RaM6JMZPUr\xe2\x80\xa6'
2019-10-27 01:28:21,b'Thank you iCUE Culinary School students @canyons for providing dinner for first responders tonight! https://t.co/RaM6JMZPUr via @KHTSRADIO'
2019-10-27 01:26:20,b'RT @AustinDave_: BREAKING: Human remains found in Tick Fire burn area. @LASDHQ Homicide detectives and @CountyofLA coroner\xe2\x80\x99s office on scen\xe2\x80\xa6'
2019-10-27 01:23:06,"b'In the wake of the #TickFire, officials and students with College of the Canyons hosted both families impacted by t\xe2\x80\xa6 https://t.co/H2Ltn7I8KC'"
2019-10-27 01:22:23,b'RT @AustinDave_: BREAKING: Human remains found in Tick Fire burn area. @LASDHQ Homicide detectives and @CountyofLA coroner\xe2\x80\x99s office on scen\xe2\x80\xa6'
2019-10-27 01:21:54,b'RT @SCVSignal: Los Angeles County Fire Department officials announced further repopulation of the areas affected by the Tick Fire Saturday\xe2\x80\xa6'
2019-10-27 01:21:44,b'RT @AustinDave_: BREAKING: Human remains found in Tick Fire burn area. @LASDHQ Homicide detectives and @CountyofLA coroner\xe2\x80\x99s office on scen\xe2\x80\xa6'
2019-10-27 01:19:30,"b'RT @SCVSignal: The Tick Fire, which led to what officials are calling the largest wildfire evacuation in Santa Clarita\xe2\x80\x99s history, leaving 4\xe2\x80\xa6'"
2019-10-27 01:18:44,"b'RT @SCVSignal: It\xe2\x80\x99s more than 40,000 people and their pets residing in the eastern Santa Clarita Valley who were faced Thursday afternoon a\xe2\x80\xa6'"
2019-10-27 01:15:04,b'@RepKatieHill Thank you so much for keeping us updated. I know it\xe2\x80\x99s tough to monitor the situation so far from home\xe2\x80\xa6 https://t.co/od1CT9d5LU'
2019-10-27 01:10:45,"b'Yep, gonna light a fire!! https://t.co/NgpcYFhfYe'"
2019-10-27 00:50:31,b'RT @AustinDave_: BREAKING: Human remains found in Tick Fire burn area. @LASDHQ Homicide detectives and @CountyofLA coroner\xe2\x80\x99s office on scen\xe2\x80\xa6'
2019-10-27 00:50:01,b'RT @AustinDave_: BREAKING: Human remains found in Tick Fire burn area. @LASDHQ Homicide detectives and @CountyofLA coroner\xe2\x80\x99s office on scen\xe2\x80\xa6'
2019-10-27 00:45:25,b'RT @AustinDave_: BREAKING: Human remains found in Tick Fire burn area. @LASDHQ Homicide detectives and @CountyofLA coroner\xe2\x80\x99s office on scen\xe2\x80\xa6'
2019-10-27 00:41:04,b'RT @AustinDave_: BREAKING: Human remains found in Tick Fire burn area. @LASDHQ Homicide detectives and @CountyofLA coroner\xe2\x80\x99s office on scen\xe2\x80\xa6'
2019-10-27 00:09:35,b'@monkiees0_0 @biafurst @gabbydiazXO i never said yall knew exactly what happened but to sit there and think that so\xe2\x80\xa6 https://t.co/IrrPVxJ2kx'
2019-10-26 23:53:32,"b'RT @santaclarita: TICK FIRE REPOPULATION: At 8am, ALL mandatory evacuation orders will be lifted WITH THE EXCEPTION OF Baker Canyon Rd from\xe2\x80\xa6'"
2019-10-26 23:37:47,b'RT @SCVSignal: Los Angeles County Fire Department officials announced further repopulation of the areas affected by the Tick Fire Saturday\xe2\x80\xa6'
2019-10-26 23:20:08,b'@lucharcade Fire Pro Wrestling and the N64 gameplay'
2019-10-26 23:19:44,b'@lucharcade I would also love to have a Fire Pro Wrestling with modern graphics not that its a big deal but that ga\xe2\x80\xa6 https://t.co/lv2ErHsSdq'
2019-10-26 23:17:07,b'Los Angeles County Fire Department officials announced further repopulation of the areas affected by the Tick Fire\xe2\x80\xa6 https://t.co/Ot03pTgdDW'
2019-10-26 23:14:40,"b""RT @DocKobryn: Michael Paramasivan tells it like it was. \nGlad you're safe. #LondonFire #GrenfellTower \nhttps://t.co/dWxFLVDS54"""
2019-10-26 23:10:09,"b'RT @SCVSignal: Human remains were discovered in Canyon Country near an area affected by the #TickFire Saturday, according to Los Angeles Co\xe2\x80\xa6'"
2019-10-26 23:07:55,b'HUMAN REMAINS IN SAND CANYON: Deputies are investigating human remains that were discovered in Canyon Country Satur\xe2\x80\xa6 https://t.co/MsdR6JtwrP'
2019-10-26 23:03:30,b'@ArizonaFBall FIRE YATES PLEASE! JUST POUR ALL YOUR MONEY TOWARDS A NEW DEFENSIVE COORDINATOR'
2019-10-26 23:01:26,b'A Tick Fire 13 min. Documentary.... https://t.co/Xe8zfaL2Pb'
2019-10-26 23:00:12,"b'RT @SCVSignal: Human remains were discovered in Canyon Country near an area affected by the #TickFire Saturday, according to Los Angeles Co\xe2\x80\xa6'"
2019-10-26 22:55:32,"b""RT @SCVSignal: We've posted a roundup of all coverage of this week's fires in the SCV, including #tickfire. Additional followups will be ad\xe2\x80\xa6"""
2019-10-26 22:53:05,b'RT @AustinDave_: BREAKING: Human remains found in Tick Fire burn area. @LASDHQ Homicide detectives and @CountyofLA coroner\xe2\x80\x99s office on scen\xe2\x80\xa6'
2019-10-26 22:52:50,"b'RT @SCVSignal: The Tick Fire, which led to what officials are calling the largest wildfire evacuation in Santa Clarita\xe2\x80\x99s history, leaving 4\xe2\x80\xa6'"
2019-10-26 22:52:07,b'RT @SCVSHERIFF: We understand some residents are frustrated who are still under mandatory evacuations. Keep in mind there may not appear to\xe2\x80\xa6'
2019-10-26 22:44:52,b'RT @AustinDave_: BREAKING: Human remains found in Tick Fire burn area. @LASDHQ Homicide detectives and @CountyofLA coroner\xe2\x80\x99s office on scen\xe2\x80\xa6'
2019-10-26 22:42:54,b'RT @AustinDave_: BREAKING: Human remains found in Tick Fire burn area. @LASDHQ Homicide detectives and @CountyofLA coroner\xe2\x80\x99s office on scen\xe2\x80\xa6'
2019-10-26 22:41:37,"b'RT @SCVSignal: Human remains were discovered in Canyon Country near an area affected by the #TickFire Saturday, according to Los Angeles Co\xe2\x80\xa6'"
2019-10-26 22:38:06,b'RT @AustinDave_: BREAKING: Human remains found in Tick Fire burn area. @LASDHQ Homicide detectives and @CountyofLA coroner\xe2\x80\x99s office on scen\xe2\x80\xa6'
2019-10-26 22:35:57,b'RT @SCVSignal: Detectives with the Santa Clarita Valley Sheriff\xe2\x80\x99s Station are looking for an alleged gunman who shot at deputies inside fir\xe2\x80\xa6'
2019-10-26 22:34:09,b'RT @AustinDave_: BREAKING: Human remains found in Tick Fire burn area. @LASDHQ Homicide detectives and @CountyofLA coroner\xe2\x80\x99s office on scen\xe2\x80\xa6'
2019-10-26 22:33:22,b'RT @AustinDave_: BREAKING: Human remains found in Tick Fire burn area. @LASDHQ Homicide detectives and @CountyofLA coroner\xe2\x80\x99s office on scen\xe2\x80\xa6'
2019-10-26 22:31:56,b'BREAKING: Human remains found in Tick Fire burn area. @LASDHQ Homicide detectives and @CountyofLA coroner\xe2\x80\x99s office\xe2\x80\xa6 https://t.co/clzkzGDttX'
2019-10-26 22:30:16,"b'RT @SCVSignal: Human remains were discovered in Canyon Country near an area affected by the #TickFire Saturday, according to Los Angeles Co\xe2\x80\xa6'"
2019-10-26 22:24:09,"b'RT @SCVSignal: Human remains were discovered in Canyon Country near an area affected by the #TickFire Saturday, according to Los Angeles Co\xe2\x80\xa6'"
2019-10-26 22:23:50,"b'Human remains were discovered in Canyon Country near an area affected by the #TickFire Saturday, according to Los A\xe2\x80\xa6 https://t.co/JuauU6xXbS'"
2019-10-26 22:12:09,"b""RT @TheGentleBarn: \xf0\x9f\x9a\xa8URGENT FIRE ALERT\xf0\x9f\x9a\xa8 #TickFire is approaching #TheGentleBarn quickly and we're under MANDATORY EVACUATION orders. https:/\xe2\x80\xa6"""
2019-10-26 22:04:55,"b""@PsycheSojourn @icyjuicy Oh she's low key fire"""
2019-10-26 21:50:57,b'@LAmaleCA @CBSLA Nope. #SantaBarbara fire Dept. Enjoyed chatting with their firefighters.'
2019-10-26 21:47:18,b'@ClaudineKTVU PG&amp;E doesn\xe2\x80\x99t want to be blamed for starting the fire.'
2019-10-26 21:41:31,b'@QUACKHOUSE @HARDFEST @insomniacevents PLEASEEEEE \xf0\x9f\x99\x8f\xf0\x9f\x8f\xbc\xf0\x9f\x99\x8f\xf0\x9f\x8f\xbc\xf0\x9f\x99\x8f\xf0\x9f\x8f\xbc That hard summer mix from last year is fire I\xe2\x80\x99d love to se\xe2\x80\xa6 https://t.co/w6k4fZNdb9'
2019-10-26 21:32:00,"b'RT @santaclarita: TICK FIRE REPOPULATION: At 8am, ALL mandatory evacuation orders will be lifted WITH THE EXCEPTION OF Baker Canyon Rd from\xe2\x80\xa6'"
2019-10-26 21:25:44,"b'RT @SCVSignal: Criminal intent is suspected in the Borton Fire that occurred in Val Verde Friday night, according to law enforcement offici\xe2\x80\xa6'"
2019-10-26 20:56:21,b'Firefighters had their hands full battling the #TickFire and thankfully there were no lives lost.\xe2\x80\xa6 https://t.co/lBw7YOyJ6d'
2019-10-26 20:26:56,"b""RT @TheGentleBarn: \xf0\x9f\x9a\xa8URGENT FIRE ALERT\xf0\x9f\x9a\xa8 #TickFire is approaching #TheGentleBarn quickly and we're under MANDATORY EVACUATION orders. https:/\xe2\x80\xa6"""
2019-10-26 20:02:45,"b""RT @TheGentleBarn: \xf0\x9f\x9a\xa8URGENT FIRE ALERT\xf0\x9f\x9a\xa8 #TickFire is approaching #TheGentleBarn quickly and we're under MANDATORY EVACUATION orders. https:/\xe2\x80\xa6"""
2019-10-26 19:50:05,"b'RT @santaclarita: TICK FIRE REPOPULATION: At 8am, ALL mandatory evacuation orders will be lifted WITH THE EXCEPTION OF Baker Canyon Rd from\xe2\x80\xa6'"
2019-10-26 19:45:35,b'RT @SCVSHERIFF: #TickFire ***IS THIS YOUR DOG??*** Rescued by deputy from fire on Husk Ave. Pup is safe and has been taken to Castaic Anima\xe2\x80\xa6'
2019-10-26 19:43:55,b'RT @SCVSHERIFF: We understand some residents are frustrated who are still under mandatory evacuations. Keep in mind there may not appear to\xe2\x80\xa6'
2019-10-26 19:35:55,"b'RT @SCVSignal: The Tick Fire, which led to what officials are calling the largest wildfire evacuation in Santa Clarita\xe2\x80\x99s history, leaving 4\xe2\x80\xa6'"
2019-10-26 19:30:53,b'RT @Drewwzi: The fire better be scared\xf0\x9f\x98\xa4\xf0\x9f\x94\xa5 https://t.co/r05o7OKFsT'
2019-10-26 19:26:49,"b'RT @SCVSignal: The Tick Fire, which led to what officials are calling the largest wildfire evacuation in Santa Clarita\xe2\x80\x99s history, leaving 4\xe2\x80\xa6'"
2019-10-26 19:26:45,"b'RT @SCVSignal: Criminal intent is suspected in the Borton Fire that occurred in Val Verde Friday night, according to law enforcement offici\xe2\x80\xa6'"
2019-10-26 19:23:17,"b'@DramaFollower @Louisam77 Monday I have a dr. appointment, then heading out for a beach day  in Ventura. Providing\xe2\x80\xa6 https://t.co/b7s3ePXxw1'"
2019-10-26 19:19:43,b'FOR ANY OF THE FIRE VICTIMS: My family wants to donate all necessities from our furniture store located in Santa Cl\xe2\x80\xa6 https://t.co/iqnuMNSjiC'
2019-10-26 19:12:43,b'@Ask_Spectrum Yes the wifi and Cable Connection is down for the canyon Country area where the tick fire is. We lost\xe2\x80\xa6 https://t.co/X2R4sZ4U44'
2019-10-26 19:12:06,"b""Wait if I'm on fire, how am I so deep in love"""
2019-10-26 19:09:50,b'@monkiees0_0 @biafurst @gabbydiazXO umm maybe they named it that because where it started thats the street name \xf0\x9f\xa4\x94.\xe2\x80\xa6 https://t.co/vaYoKeVqbC'
2019-10-26 19:06:20,"b'RT @SCVSignal: The Tick Fire, which led to what officials are calling the largest wildfire evacuation in Santa Clarita\xe2\x80\x99s history, leaving 4\xe2\x80\xa6'"
2019-10-26 19:05:58,"b'Criminal intent is suspected in the Borton Fire that occurred in Val Verde Friday night, according to law enforceme\xe2\x80\xa6 https://t.co/EqJKjH5DnA'"
2019-10-26 19:04:18,"b'RT @santaclarita: TICK FIRE REPOPULATION: At 8am, ALL mandatory evacuation orders will be lifted WITH THE EXCEPTION OF Baker Canyon Rd from\xe2\x80\xa6'"
2019-10-26 18:56:20,"b'SCV just really wanna burn down, a fire every two weeks is crazy.'"
2019-10-26 18:54:27,b'Airbnb Launches Program for People Displaced by Tick Fire https://t.co/5zJghIl5Or via @KNX1070  #tickfire #santaclarita #canyoncountry'
2019-10-26 18:53:54,"b""RT @TheGentleBarn: \xf0\x9f\x9a\xa8URGENT FIRE ALERT\xf0\x9f\x9a\xa8 #TickFire is approaching #TheGentleBarn quickly and we're under MANDATORY EVACUATION orders. https:/\xe2\x80\xa6"""
2019-10-26 18:52:15,"b""RT @TheGentleBarn: \xf0\x9f\x9a\xa8URGENT FIRE ALERT\xf0\x9f\x9a\xa8 #TickFire is approaching #TheGentleBarn quickly and we're under MANDATORY EVACUATION orders. https:/\xe2\x80\xa6"""
2019-10-26 18:51:49,b'RT @SCVSHERIFF: #TickFire ***IS THIS YOUR DOG??*** Rescued by deputy from fire on Husk Ave. Pup is safe and has been taken to Castaic Anima\xe2\x80\xa6'
2019-10-26 18:42:50,"b'In Fire-Scarred California, \xe2\x80\x98If You\xe2\x80\x99re Told to Go, You Go\xe2\x80\x99 https://t.co/cdL0R8pJAo'"
2019-10-26 18:37:14,"b""RT @TheGentleBarn: \xf0\x9f\x9a\xa8URGENT FIRE ALERT\xf0\x9f\x9a\xa8 #TickFire is approaching #TheGentleBarn quickly and we're under MANDATORY EVACUATION orders. https:/\xe2\x80\xa6"""
2019-10-26 18:36:03,"b""RT @TheGentleBarn: \xf0\x9f\x9a\xa8URGENT FIRE ALERT\xf0\x9f\x9a\xa8 #TickFire is approaching #TheGentleBarn quickly and we're under MANDATORY EVACUATION orders. https:/\xe2\x80\xa6"""
2019-10-26 18:31:00,"b'RT @SCVSignal: The Tick Fire, which led to what officials are calling the largest wildfire evacuation in Santa Clarita\xe2\x80\x99s history, leaving 4\xe2\x80\xa6'"
2019-10-26 18:30:58,b'Glad to see people going back to their houses and thankful for the people who helped fight the fire. If anyone need\xe2\x80\xa6 https://t.co/4h5xjrxfpC'
2019-10-26 18:30:08,"b'The Tick Fire, which led to what officials are calling the largest wildfire evacuation in Santa Clarita\xe2\x80\x99s history,\xe2\x80\xa6 https://t.co/93DfBvcKFD'"
2019-10-26 18:28:08,"b""RT @TheGentleBarn: \xf0\x9f\x9a\xa8URGENT FIRE ALERT\xf0\x9f\x9a\xa8 #TickFire is approaching #TheGentleBarn quickly and we're under MANDATORY EVACUATION orders. https:/\xe2\x80\xa6"""
2019-10-26 18:24:44,b'@TeamPulte Driving back home with pets after being evacuated from the tick fire'
2019-10-26 18:23:28,"b'RT @BeberMichelle: ""CA Fire From Below"" &amp; ""Sub-Terrestrial Plasma Pulse Weapon"" EXPLAINED https://t.co/IB4aWU5wu5 via @YouTube\nI think this\xe2\x80\xa6'"
2019-10-26 18:20:05,"b'RT @santaclarita: TICK FIRE REPOPULATION: At 8am, ALL mandatory evacuation orders will be lifted WITH THE EXCEPTION OF Baker Canyon Rd from\xe2\x80\xa6'"
2019-10-26 18:19:21,"b""RT @SCVSignal: We've posted a roundup of all coverage of this week's fires in the SCV, including #tickfire. Additional followups will be ad\xe2\x80\xa6"""
2019-10-26 18:17:08,"b'""CA Fire From Below"" &amp; ""Sub-Terrestrial Plasma Pulse Weapon"" EXPLAINED https://t.co/IB4aWU5wu5 via @YouTube\nI think\xe2\x80\xa6 https://t.co/bh5GATyVHD'"
2019-10-26 18:10:14,b'RT @SCVSignal: Signal reporter \xe2\x81\xa6@lunettacaleb\xe2\x81\xa9 reporting from the scene of the #TickFire around 3 p.m. Thursday. Within minutes the fire ha\xe2\x80\xa6'
2019-10-26 17:59:01,b'@Ask_Spectrum HELP WE FINALLY GOT TO REPOPULATE FROM THE TICK CANYON FIRE SPECTRUM IS DOWN!! Would like some WiFi s\xe2\x80\xa6 https://t.co/hcvt8NuUgy'
2019-10-26 17:30:39,"b""We've posted a roundup of all coverage of this week's fires in the SCV, including #tickfire. Additional followups w\xe2\x80\xa6 https://t.co/zrgx9XieTu"""
2019-10-26 17:28:44,"b'RT @SCVSignal: It\xe2\x80\x99s more than 40,000 people and their pets residing in the eastern Santa Clarita Valley who were faced Thursday afternoon a\xe2\x80\xa6'"
2019-10-26 17:27:05,"b'RT @santaclarita: TICK FIRE REPOPULATION: At 8am, ALL mandatory evacuation orders will be lifted WITH THE EXCEPTION OF Baker Canyon Rd from\xe2\x80\xa6'"
2019-10-26 17:10:09,b'RT @ChatsworthAD: @chatsfootball is rescheduling it\xe2\x80\x99s game vs Granada for Monday 10/28-JV/Var-4/7pm at Chatsworth due to district closure.\xe2\x80\xa6'
2019-10-26 17:08:56,b'RT @SCVSHERIFF: We understand some residents are frustrated who are still under mandatory evacuations. Keep in mind there may not appear to\xe2\x80\xa6'
2019-10-26 16:59:48,b'RT @SCV_HLS: Brush Fire Reported \nOakhurst Dr x Dockwiler Dr\n\xf0\x9f\x9a\x92\xf0\x9f\x9a\x92\xf0\x9f\x9a\x92\xf0\x9f\x9a\x92\xf0\x9f\x9a\x92\xf0\x9f\x9a\x81\xf0\x9f\x9a\x81\xf0\x9f\x9a\xa8 https://t.co/XbhuNPSLiO'
2019-10-26 16:40:25,b'RT @SCVEmergencyNow: @TMUCampusSafety Update. No fire. Dust only. \xf0\x9f\x91\x8d'
2019-10-26 16:40:03,b'@TMUCampusSafety Update. No fire. Dust only. \xf0\x9f\x91\x8d'
2019-10-26 16:34:47,"b'#Haunted #Hiking: allegedly spooked are the Mentryville Mansion, the school house &amp; farm.  This is often used as a\xe2\x80\xa6 https://t.co/OGH1I8nZS0'"
2019-10-26 16:34:43,"b'RT @santaclarita: TICK FIRE REPOPULATION: At 8am, ALL mandatory evacuation orders will be lifted WITH THE EXCEPTION OF Baker Canyon Rd from\xe2\x80\xa6'"
2019-10-26 16:34:10,b'RT @SCV_HLS: Brush Fire Reported \nOakhurst Dr x Dockwiler Dr\n\xf0\x9f\x9a\x92\xf0\x9f\x9a\x92\xf0\x9f\x9a\x92\xf0\x9f\x9a\x92\xf0\x9f\x9a\x92\xf0\x9f\x9a\x81\xf0\x9f\x9a\x81\xf0\x9f\x9a\xa8 https://t.co/XbhuNPSLiO'
2019-10-26 16:34:00,b'RT @SCVEmergencyNow: \xf0\x9f\x94\xa5 VEGETATION FIRE REPORTED \xf0\x9f\x94\xa5 \nOAKHURST DR @ DOCKWEILER DR.\n#Newhall https://t.co/pGjI2Cvu3f'
2019-10-26 16:33:06,b'RT @SCVSHERIFF: #TickFire ***IS THIS YOUR DOG??*** Rescued by deputy from fire on Husk Ave. Pup is safe and has been taken to Castaic Anima\xe2\x80\xa6'
2019-10-26 16:31:29,b'RT @SCVEmergencyNow: \xf0\x9f\x94\xa5 VEGETATION FIRE REPORTED \xf0\x9f\x94\xa5 \nOAKHURST DR @ DOCKWEILER DR.\n#Newhall https://t.co/pGjI2Cvu3f'
2019-10-26 16:30:56,b'RT @SCV_HLS: Brush Fire Reported \nOakhurst Dr x Dockwiler Dr\n\xf0\x9f\x9a\x92\xf0\x9f\x9a\x92\xf0\x9f\x9a\x92\xf0\x9f\x9a\x92\xf0\x9f\x9a\x92\xf0\x9f\x9a\x81\xf0\x9f\x9a\x81\xf0\x9f\x9a\xa8 https://t.co/XbhuNPSLiO'
2019-10-26 16:30:37,b'\xf0\x9f\x94\xa5 VEGETATION FIRE REPORTED \xf0\x9f\x94\xa5 \nOAKHURST DR @ DOCKWEILER DR.\n#Newhall https://t.co/pGjI2Cvu3f'
2019-10-26 16:29:36,b'Brush Fire Reported \nOakhurst Dr x Dockwiler Dr\n\xf0\x9f\x9a\x92\xf0\x9f\x9a\x92\xf0\x9f\x9a\x92\xf0\x9f\x9a\x92\xf0\x9f\x9a\x92\xf0\x9f\x9a\x81\xf0\x9f\x9a\x81\xf0\x9f\x9a\xa8 https://t.co/XbhuNPSLiO'
2019-10-26 16:29:36,"b""RT @TheGentleBarn: \xf0\x9f\x9a\xa8URGENT FIRE ALERT\xf0\x9f\x9a\xa8 #TickFire is approaching #TheGentleBarn quickly and we're under MANDATORY EVACUATION orders. https:/\xe2\x80\xa6"""
2019-10-26 16:25:58,"b'RT @santaclarita: TICK FIRE REPOPULATION: At 8am, ALL mandatory evacuation orders will be lifted WITH THE EXCEPTION OF Baker Canyon Rd from\xe2\x80\xa6'"
2019-10-26 16:20:57,b'RT @Drewwzi: The fire better be scared\xf0\x9f\x98\xa4\xf0\x9f\x94\xa5 https://t.co/r05o7OKFsT'
2019-10-26 16:18:24,b'the valley is on fire again smh'
2019-10-26 16:14:55,"b'RT @KHTSRadio: #TickFire UPDATE: The majority of evacuation orders are set to be lifted, with the exception of the entire stretch of Baker\xe2\x80\xa6'"
2019-10-26 16:11:15,"b'RT @santaclarita: TICK FIRE REPOPULATION: At 8am, ALL mandatory evacuation orders will be lifted WITH THE EXCEPTION OF Baker Canyon Rd from\xe2\x80\xa6'"
2019-10-26 16:06:52,"b'RT @santaclarita: TICK FIRE REPOPULATION: At 8am, ALL mandatory evacuation orders will be lifted WITH THE EXCEPTION OF Baker Canyon Rd from\xe2\x80\xa6'"
2019-10-26 16:02:54,b'RT @SCVSignal: Detectives with the Santa Clarita Valley Sheriff\xe2\x80\x99s Station are looking for an alleged gunman who shot at deputies inside fir\xe2\x80\xa6'
2019-10-26 16:00:04,"b'RT @santaclarita: TICK FIRE REPOPULATION: At 8am, ALL mandatory evacuation orders will be lifted WITH THE EXCEPTION OF Baker Canyon Rd from\xe2\x80\xa6'"
2019-10-26 15:57:15,"b'RT @SCVSignal: Driving up The Old Road on Friday, one could see pink tags tied around trees in front yards, fire retardant coating cars and\xe2\x80\xa6'"
2019-10-26 15:51:03,b'Was your property or home damaged by the #SaddleRidgeFire ? Please fill out a Damage Assessment Form\xe2\x80\xa6 https://t.co/AvMrYAVgEH'
2019-10-26 15:47:59,b'RT @SCVSignal: Detectives with the Santa Clarita Valley Sheriff\xe2\x80\x99s Station are looking for an alleged gunman who shot at deputies inside fir\xe2\x80\xa6'
2019-10-26 15:47:18,b'RT @SCVTV20: Tick Fire: Saturday\xc2\xa0Update https://t.co/3D9YSrerE6 https://t.co/EKqhqVlkT4'
2019-10-26 15:43:59,"b'RT @santaclarita: TICK FIRE REPOPULATION: At 8am, ALL mandatory evacuation orders will be lifted WITH THE EXCEPTION OF Baker Canyon Rd from\xe2\x80\xa6'"
2019-10-26 15:43:57,"b'RT @santaclarita: TICK FIRE REPOPULATION: At 8am, ALL mandatory evacuation orders will be lifted WITH THE EXCEPTION OF Baker Canyon Rd from\xe2\x80\xa6'"
2019-10-26 15:43:46,"b'RT @santaclarita: TICK FIRE REPOPULATION: At 8am, ALL mandatory evacuation orders will be lifted WITH THE EXCEPTION OF Baker Canyon Rd from\xe2\x80\xa6'"
2019-10-26 15:43:07,"b'RT @santaclarita: TICK FIRE REPOPULATION: At 8am, ALL mandatory evacuation orders will be lifted WITH THE EXCEPTION OF Baker Canyon Rd from\xe2\x80\xa6'"
2019-10-26 15:42:52,"b'RT @santaclarita: TICK FIRE REPOPULATION: At 8am, ALL mandatory evacuation orders will be lifted WITH THE EXCEPTION OF Baker Canyon Rd from\xe2\x80\xa6'"
2019-10-26 15:40:11,"b'RT @santaclarita: TICK FIRE REPOPULATION: At 8am, ALL mandatory evacuation orders will be lifted WITH THE EXCEPTION OF Baker Canyon Rd from\xe2\x80\xa6'"
2019-10-26 15:38:02,"b'RT @santaclarita: TICK FIRE REPOPULATION: At 8am, ALL mandatory evacuation orders will be lifted WITH THE EXCEPTION OF Baker Canyon Rd from\xe2\x80\xa6'"
2019-10-26 15:36:55,"b'RT @santaclarita: TICK FIRE REPOPULATION: At 8am, ALL mandatory evacuation orders will be lifted WITH THE EXCEPTION OF Baker Canyon Rd from\xe2\x80\xa6'"
2019-10-26 15:36:37,"b""RT @duggouts9: @sclinton60 @Avid_Maddow_Fan We're in Santa Clarita (Tick Fire) and were told we will be evacuated soon. We have all importa\xe2\x80\xa6"""
2019-10-26 15:35:33,"b'RT @santaclarita: TICK FIRE REPOPULATION: At 8am, ALL mandatory evacuation orders will be lifted WITH THE EXCEPTION OF Baker Canyon Rd from\xe2\x80\xa6'"
2019-10-26 15:34:33,b'Tick Fire: Saturday\xc2\xa0Update https://t.co/3D9YSrerE6 https://t.co/EKqhqVlkT4'
2019-10-26 15:34:32,b'RT @SCVSHERIFF: #TickFire ***IS THIS YOUR DOG??*** Rescued by deputy from fire on Husk Ave. Pup is safe and has been taken to Castaic Anima\xe2\x80\xa6'
2019-10-26 15:29:34,"b'RT @santaclarita: TICK FIRE REPOPULATION: At 8am, ALL mandatory evacuation orders will be lifted WITH THE EXCEPTION OF Baker Canyon Rd from\xe2\x80\xa6'"
2019-10-26 15:29:27,"b'RT @santaclarita: TICK FIRE REPOPULATION: At 8am, ALL mandatory evacuation orders will be lifted WITH THE EXCEPTION OF Baker Canyon Rd from\xe2\x80\xa6'"
2019-10-26 15:27:55,"b'RT @santaclarita: TICK FIRE REPOPULATION: At 8am, ALL mandatory evacuation orders will be lifted WITH THE EXCEPTION OF Baker Canyon Rd from\xe2\x80\xa6'"
2019-10-26 15:27:39,"b'RT @santaclarita: TICK FIRE REPOPULATION: At 8am, ALL mandatory evacuation orders will be lifted WITH THE EXCEPTION OF Baker Canyon Rd from\xe2\x80\xa6'"
2019-10-26 15:25:24,"b'RT @santaclarita: TICK FIRE REPOPULATION: At 8am, ALL mandatory evacuation orders will be lifted WITH THE EXCEPTION OF Baker Canyon Rd from\xe2\x80\xa6'"
2019-10-26 15:23:52,b'RT @SCVSHERIFF: #TickFire ***IS THIS YOUR DOG??*** Rescued by deputy from fire on Husk Ave. Pup is safe and has been taken to Castaic Anima\xe2\x80\xa6'
2019-10-26 15:14:20,"b'RT @santaclarita: TICK FIRE REPOPULATION: At 8am, ALL mandatory evacuation orders will be lifted WITH THE EXCEPTION OF Baker Canyon Rd from\xe2\x80\xa6'"
2019-10-26 15:08:49,"b'RT @santaclarita: TICK FIRE REPOPULATION: At 8am, ALL mandatory evacuation orders will be lifted WITH THE EXCEPTION OF Baker Canyon Rd from\xe2\x80\xa6'"
2019-10-26 15:06:50,b'RT @SCVSHERIFF: #TickFire ***IS THIS YOUR DOG??*** Rescued by deputy from fire on Husk Ave. Pup is safe and has been taken to Castaic Anima\xe2\x80\xa6'
2019-10-26 15:04:39,"b'#TickFire UPDATE: The majority of evacuation orders are set to be lifted, with the exception of the entire stretch\xe2\x80\xa6 https://t.co/drrgUpsgov'"
2019-10-26 14:59:47,b'@Sean_Breslin Did John Marles then try to put the fire out? I\xe2\x80\x99m trimming trees in my backyard and got rid of one lo\xe2\x80\xa6 https://t.co/YqSH20XMF5'
2019-10-26 14:59:24,"b'RT @santaclarita: TICK FIRE REPOPULATION: At 8am, ALL mandatory evacuation orders will be lifted WITH THE EXCEPTION OF Baker Canyon Rd from\xe2\x80\xa6'"
2019-10-26 14:56:48,"b'RT @santaclarita: TICK FIRE REPOPULATION: At 8am, ALL mandatory evacuation orders will be lifted WITH THE EXCEPTION OF Baker Canyon Rd from\xe2\x80\xa6'"
2019-10-26 14:56:06,"b'RT @santaclarita: TICK FIRE REPOPULATION: At 8am, ALL mandatory evacuation orders will be lifted WITH THE EXCEPTION OF Baker Canyon Rd from\xe2\x80\xa6'"
2019-10-26 14:53:03,"b'RT @santaclarita: TICK FIRE REPOPULATION: At 8am, ALL mandatory evacuation orders will be lifted WITH THE EXCEPTION OF Baker Canyon Rd from\xe2\x80\xa6'"
2019-10-26 14:53:02,"b'RT @santaclarita: TICK FIRE REPOPULATION: At 8am, ALL mandatory evacuation orders will be lifted WITH THE EXCEPTION OF Baker Canyon Rd from\xe2\x80\xa6'"
2019-10-26 14:46:20,"b'RT @santaclarita: TICK FIRE REPOPULATION: At 8am, ALL mandatory evacuation orders will be lifted WITH THE EXCEPTION OF Baker Canyon Rd from\xe2\x80\xa6'"
2019-10-26 14:44:27,"b'RT @santaclarita: TICK FIRE REPOPULATION: At 8am, ALL mandatory evacuation orders will be lifted WITH THE EXCEPTION OF Baker Canyon Rd from\xe2\x80\xa6'"
2019-10-26 14:43:29,"b'RT @santaclarita: TICK FIRE REPOPULATION: At 8am, ALL mandatory evacuation orders will be lifted WITH THE EXCEPTION OF Baker Canyon Rd from\xe2\x80\xa6'"
2019-10-26 14:40:45,"b'RT @santaclarita: TICK FIRE REPOPULATION: At 8am, ALL mandatory evacuation orders will be lifted WITH THE EXCEPTION OF Baker Canyon Rd from\xe2\x80\xa6'"
2019-10-26 14:39:54,b'@Sean_Breslin John Marles saw plumes of smoke coming from his neighbor\xe2\x80\x99s house when he heard propane tanks explode.\xe2\x80\xa6 https://t.co/DXdpBn1zN5'
2019-10-26 14:38:48,"b'RT @santaclarita: TICK FIRE REPOPULATION: At 8am, ALL mandatory evacuation orders will be lifted WITH THE EXCEPTION OF Baker Canyon Rd from\xe2\x80\xa6'"
2019-10-26 14:36:46,"b'RT @santaclarita: TICK FIRE REPOPULATION: At 8am, ALL mandatory evacuation orders will be lifted WITH THE EXCEPTION OF Baker Canyon Rd from\xe2\x80\xa6'"
2019-10-26 14:35:27,"b'TICK FIRE REPOPULATION: At 8am, ALL mandatory evacuation orders will be lifted WITH THE EXCEPTION OF Baker Canyon R\xe2\x80\xa6 https://t.co/uZXP9QTQ6P'"
2019-10-26 14:26:18,b'RT @SCVSHERIFF: #TickFire ***IS THIS YOUR DOG??*** Rescued by deputy from fire on Husk Ave. Pup is safe and has been taken to Castaic Anima\xe2\x80\xa6'
2019-10-26 13:57:59,b'@DennisDill You just answered half of my @sphero mini golf delima.  \n\nI have way too many irons in the fire right n\xe2\x80\xa6 https://t.co/tLjr91vwFU'
2019-10-26 13:55:13,"b'Full fire restrictions in effect on the Angeles National Forest. No Fires \xf0\x9f\x94\xa5- Building, maintaining, attending or us\xe2\x80\xa6 https://t.co/ky3ndsNEN6'"
2019-10-26 13:49:07,"b'Now, creepy bANNON is back to poke the fire.\nBannon returns from exile to wage impeachment battle for Trump https://t.co/DlbpSR0ek6'"
2019-10-26 13:33:51,"b""RT @TheGentleBarn: \xf0\x9f\x9a\xa8URGENT FIRE ALERT\xf0\x9f\x9a\xa8 #TickFire is approaching #TheGentleBarn quickly and we're under MANDATORY EVACUATION orders. https:/\xe2\x80\xa6"""
2019-10-26 13:27:52,b'Some Evacuations Lifted For Santa Clarita Tick Fire; 14 Freeway Mostly Reopened https://t.co/dQFL1jqvMS'
2019-10-26 13:13:16,b'The power company is shutting down the power so they will not be sued. It is their revenge for having to payout for\xe2\x80\xa6 https://t.co/cjbth68tsj'
2019-10-26 12:53:23,"b""RT @TheGentleBarn: \xf0\x9f\x9a\xa8URGENT FIRE ALERT\xf0\x9f\x9a\xa8 #TickFire is approaching #TheGentleBarn quickly and we're under MANDATORY EVACUATION orders. https:/\xe2\x80\xa6"""
2019-10-26 12:52:06,"b""RT @TheGentleBarn: \xf0\x9f\x9a\xa8URGENT FIRE ALERT\xf0\x9f\x9a\xa8 #TickFire is approaching #TheGentleBarn quickly and we're under MANDATORY EVACUATION orders. https:/\xe2\x80\xa6"""
2019-10-26 12:33:47,b'@jim_boswell @janewells Home Depot already sells phos check. I received a Google ad while sitting in my home down t\xe2\x80\xa6 https://t.co/8Mc1L74e8S'
2019-10-26 12:26:39,"b""RT @TheGentleBarn: \xf0\x9f\x9a\xa8URGENT FIRE ALERT\xf0\x9f\x9a\xa8 #TickFire is approaching #TheGentleBarn quickly and we're under MANDATORY EVACUATION orders. https:/\xe2\x80\xa6"""
2019-10-26 12:11:50,"b'RT @SCVSignal: Many events scheduled for this weekend have been canceled or rescheduled due to the Tick Fire, which marks the largest evacu\xe2\x80\xa6'"
2019-10-26 12:02:42,b'RT @SCVSHERIFF: We understand some residents are frustrated who are still under mandatory evacuations. Keep in mind there may not appear to\xe2\x80\xa6'
2019-10-26 11:28:51,"b'THE FIRE, THE FITS, THE HEADBANDS.... COCK'"
2019-10-26 11:09:22,b'RT @SCVSHERIFF: #TickFire ***IS THIS YOUR DOG??*** Rescued by deputy from fire on Husk Ave. Pup is safe and has been taken to Castaic Anima\xe2\x80\xa6'
2019-10-26 10:30:20,"b""I remember I couldn't decide between #DeathStranding and another game that's coming out.\n\nThe fact that I can't rem\xe2\x80\xa6 https://t.co/bCjKEwMtto"""
2019-10-26 09:21:48,b'RT @SCVSHERIFF: #TickFire ***IS THIS YOUR DOG??*** Rescued by deputy from fire on Husk Ave. Pup is safe and has been taken to Castaic Anima\xe2\x80\xa6'
2019-10-26 08:51:45,b'RT @SCVSHERIFF: We understand some residents are frustrated who are still under mandatory evacuations. Keep in mind there may not appear to\xe2\x80\xa6'
2019-10-26 08:40:32,b'RT @SCVSHERIFF: We understand some residents are frustrated who are still under mandatory evacuations. Keep in mind there may not appear to\xe2\x80\xa6'
2019-10-26 08:38:59,"b""RT @TheGentleBarn: \xf0\x9f\x9a\xa8URGENT FIRE ALERT\xf0\x9f\x9a\xa8 #TickFire is approaching #TheGentleBarn quickly and we're under MANDATORY EVACUATION orders. https:/\xe2\x80\xa6"""
2019-10-26 08:35:52,b'RT @SCVSHERIFF: We understand some residents are frustrated who are still under mandatory evacuations. Keep in mind there may not appear to\xe2\x80\xa6'
2019-10-26 08:34:21,b'RT @SCVSHERIFF: #TickFire ***IS THIS YOUR DOG??*** Rescued by deputy from fire on Husk Ave. Pup is safe and has been taken to Castaic Anima\xe2\x80\xa6'
2019-10-26 08:12:55,b'RT @SCVSHERIFF: We understand some residents are frustrated who are still under mandatory evacuations. Keep in mind there may not appear to\xe2\x80\xa6'
2019-10-26 08:00:46,"b'Covering the Tick Fire in Canyon Country, Santa Clarita. #news #lifeasaphotog #newsphotographer #photoglife\xe2\x80\xa6 https://t.co/XtdJKI944n'"
2019-10-26 07:56:56,"b'i really hate people who take this fire thing as a joke... like people are losing their jobs &amp; homes you bitch, have some damn respect'"
2019-10-26 07:38:27,b'RT @SCVSHERIFF: We understand some residents are frustrated who are still under mandatory evacuations. Keep in mind there may not appear to\xe2\x80\xa6'
2019-10-26 07:20:37,"b'RT @KHTSRadio: UPDATE (9 p.m.)\xc2\xa0\xe2\x80\x94\xc2\xa0Caltrans officials are in the process of attempting to open the HOV, No. 1, and No. 2 lanes of the southbo\xe2\x80\xa6'"
2019-10-26 06:32:38,b'RT @SCVSignal: Detectives with the Santa Clarita Valley Sheriff\xe2\x80\x99s Station are looking for an alleged gunman who shot at deputies inside fir\xe2\x80\xa6'
2019-10-26 06:29:15,b'Who Killed the Electric Car?\n\nhttps://t.co/6IAXYv38fq'
2019-10-26 06:05:46,b'RT @SCVSHERIFF: #TickFire ***IS THIS YOUR DOG??*** Rescued by deputy from fire on Husk Ave. Pup is safe and has been taken to Castaic Anima\xe2\x80\xa6'
2019-10-26 05:54:49,b'RT @SCVSHERIFF: We understand some residents are frustrated who are still under mandatory evacuations. Keep in mind there may not appear to\xe2\x80\xa6'
2019-10-26 05:53:00,b'RT @SCVSHERIFF: #TickFire ***IS THIS YOUR DOG??*** Rescued by deputy from fire on Husk Ave. Pup is safe and has been taken to Castaic Anima\xe2\x80\xa6'
2019-10-26 05:45:58,b'@ColeRoederer This video is of the Mint Canyon homes below our property.  Our entire hillside is charred and ash.\xe2\x80\xa6 https://t.co/gpxCYKE8qK'
2019-10-26 05:36:59,b'RT @SCVSHERIFF: We understand some residents are frustrated who are still under mandatory evacuations. Keep in mind there may not appear to\xe2\x80\xa6'
2019-10-26 05:31:28,b'RT @SCVSHERIFF: We understand some residents are frustrated who are still under mandatory evacuations. Keep in mind there may not appear to\xe2\x80\xa6'
2019-10-26 05:30:31,"b""RT @TheGentleBarn: \xf0\x9f\x9a\xa8URGENT FIRE ALERT\xf0\x9f\x9a\xa8 #TickFire is approaching #TheGentleBarn quickly and we're under MANDATORY EVACUATION orders. https:/\xe2\x80\xa6"""
2019-10-26 05:26:08,b'RT @SCVSHERIFF: We understand some residents are frustrated who are still under mandatory evacuations. Keep in mind there may not appear to\xe2\x80\xa6'
2019-10-26 05:21:28,b'these are fire https://t.co/yiysygZQ0B'
2019-10-26 05:20:51,"b'@brittneyblck @sportykrys @e391615r @LAFD Yes, we can indeed! But for people to be arguing where the fire was, when\xe2\x80\xa6 https://t.co/o7yzqRf4d5'"
2019-10-26 05:18:57,"b""@brittneyblck @sportykrys @e391615r @LAFD Hey. Look where the fire started according to the LAFD? VAN NUYS! So, I'm\xe2\x80\xa6 https://t.co/apDEbAXGJm"""
2019-10-26 05:09:42,b'RT @SCVSHERIFF: We understand some residents are frustrated who are still under mandatory evacuations. Keep in mind there may not appear to\xe2\x80\xa6'
2019-10-26 05:07:26,"b'@dmgarcia4 it\xe2\x80\x99s def fire, one of my favs too'"
2019-10-26 05:05:45,b'RT @SCVSHERIFF: We understand some residents are frustrated who are still under mandatory evacuations. Keep in mind there may not appear to\xe2\x80\xa6'
2019-10-26 05:02:16,b'RT @SCVSHERIFF: #TickFire ***IS THIS YOUR DOG??*** Rescued by deputy from fire on Husk Ave. Pup is safe and has been taken to Castaic Anima\xe2\x80\xa6'
2019-10-26 04:56:57,b'RT @SCVSHERIFF: We understand some residents are frustrated who are still under mandatory evacuations. Keep in mind there may not appear to\xe2\x80\xa6'
2019-10-26 04:50:52,b'RT @SCV_HLS: #TickFire\nReport of the hill on fire at the top of Florabunda Rd x Grand Canyon Rd. 2 engines enroute \xf0\x9f\x9a\xa8'
2019-10-26 04:50:41,b'RT @SCVSHERIFF: We understand some residents are frustrated who are still under mandatory evacuations. Keep in mind there may not appear to\xe2\x80\xa6'
2019-10-26 04:46:32,b'RT @SCVSHERIFF: #TickFire ***IS THIS YOUR DOG??*** Rescued by deputy from fire on Husk Ave. Pup is safe and has been taken to Castaic Anima\xe2\x80\xa6'
2019-10-26 04:45:24,b'RT @SCVSHERIFF: #TickFire ***IS THIS YOUR DOG??*** Rescued by deputy from fire on Husk Ave. Pup is safe and has been taken to Castaic Anima\xe2\x80\xa6'
2019-10-26 04:41:31,b'RT @SCVSHERIFF: #TickFire ***IS THIS YOUR DOG??*** Rescued by deputy from fire on Husk Ave. Pup is safe and has been taken to Castaic Anima\xe2\x80\xa6'
2019-10-26 04:38:13,b'RT @SCV_HLS: #TickFire\nReport of the hill on fire at the top of Florabunda Rd x Grand Canyon Rd. 2 engines enroute \xf0\x9f\x9a\xa8'
2019-10-26 04:37:44,b'#TickFire\nReport of the hill on fire at the top of Florabunda Rd x Grand Canyon Rd. 2 engines enroute \xf0\x9f\x9a\xa8'
2019-10-26 04:30:07,b'RT @SCVSHERIFF: We understand some residents are frustrated who are still under mandatory evacuations. Keep in mind there may not appear to\xe2\x80\xa6'
2019-10-26 04:25:16,b'RT @santaclarita: Central Park is being used as a base camp for fire crews responding to the #TickFire. Please avoid the area. There are re\xe2\x80\xa6'
2019-10-26 04:24:54,"b""RT @TheGentleBarn: \xf0\x9f\x9a\xa8URGENT FIRE ALERT\xf0\x9f\x9a\xa8 #TickFire is approaching #TheGentleBarn quickly and we're under MANDATORY EVACUATION orders. https:/\xe2\x80\xa6"""
2019-10-26 04:22:03,b'RT @SCVSHERIFF: We understand some residents are frustrated who are still under mandatory evacuations. Keep in mind there may not appear to\xe2\x80\xa6'
2019-10-26 04:13:03,b'#TickFire Night 1 Structure Fire \xf0\x9f\x94\xa5\n@CulverCityFD \n@santamonicafd https://t.co/Y6AamYCvwj'
2019-10-26 04:12:11,b'RT @SCVSHERIFF: We understand some residents are frustrated who are still under mandatory evacuations. Keep in mind there may not appear to\xe2\x80\xa6'
2019-10-26 04:10:53,"b'INSANE! During intense search for no-bail parolee-at-large in Val Verde, wild brush fire mysteriously starts 1 bloc\xe2\x80\xa6 https://t.co/qvd7JKmXkY'"
2019-10-26 04:08:46,b'RT @SCVSHERIFF: We understand some residents are frustrated who are still under mandatory evacuations. Keep in mind there may not appear to\xe2\x80\xa6'
2019-10-26 04:05:27,b'RT @SCVSHERIFF: #TickFire ***IS THIS YOUR DOG??*** Rescued by deputy from fire on Husk Ave. Pup is safe and has been taken to Castaic Anima\xe2\x80\xa6'
2019-10-26 04:02:08,"b'UPDATE (9 p.m.)\xc2\xa0\xe2\x80\x94\xc2\xa0Caltrans officials are in the process of attempting to open the HOV, No. 1, and No. 2 lanes of th\xe2\x80\xa6 https://t.co/1RODqzPQQo'"
2019-10-26 04:01:02,b'RT @Drewwzi: The fire better be scared\xf0\x9f\x98\xa4\xf0\x9f\x94\xa5 https://t.co/r05o7OKFsT'
2019-10-26 03:55:10,b'RT @SCVSHERIFF: We understand some residents are frustrated who are still under mandatory evacuations. Keep in mind there may not appear to\xe2\x80\xa6'
2019-10-26 03:53:26,b'RT @SCVSHERIFF: We understand some residents are frustrated who are still under mandatory evacuations. Keep in mind there may not appear to\xe2\x80\xa6'
2019-10-26 03:52:04,b'RT @SCVSHERIFF: We understand some residents are frustrated who are still under mandatory evacuations. Keep in mind there may not appear to\xe2\x80\xa6'
2019-10-26 03:48:27,"b""Jazzie: hey dude we are right by the fire but were all drinking wanna shoot through? Itll be fun I'll send you the\xe2\x80\xa6 https://t.co/h54ftdzYyb"""
2019-10-26 03:45:05,b'RT @SCVSHERIFF: We understand some residents are frustrated who are still under mandatory evacuations. Keep in mind there may not appear to\xe2\x80\xa6'
2019-10-26 03:42:13,b'RT @SCVSHERIFF: We understand some residents are frustrated who are still under mandatory evacuations. Keep in mind there may not appear to\xe2\x80\xa6'
2019-10-26 03:41:57,b'@SteveAd13487346 @szendehnam @KTVU Osama is every where now! It only takes a match to get a fire going and they\xe2\x80\x99re\xe2\x80\xa6 https://t.co/7xzVOVXZdh'
2019-10-26 03:39:03,"b'RT @SCVSignal: Many events scheduled for this weekend have been canceled or rescheduled due to the Tick Fire, which marks the largest evacu\xe2\x80\xa6'"
2019-10-26 03:38:04,b'RT @SCVSHERIFF: We understand some residents are frustrated who are still under mandatory evacuations. Keep in mind there may not appear to\xe2\x80\xa6'
2019-10-26 03:34:21,b'RT @SCVSHERIFF: We understand some residents are frustrated who are still under mandatory evacuations. Keep in mind there may not appear to\xe2\x80\xa6'
2019-10-26 03:32:40,"b""RT @TheGentleBarn: \xf0\x9f\x9a\xa8URGENT FIRE ALERT\xf0\x9f\x9a\xa8 #TickFire is approaching #TheGentleBarn quickly and we're under MANDATORY EVACUATION orders. https:/\xe2\x80\xa6"""
2019-10-26 03:30:16,"b'RT @SCVSignal: Many events scheduled for this weekend have been canceled or rescheduled due to the Tick Fire, which marks the largest evacu\xe2\x80\xa6'"
2019-10-26 03:30:00,"b'Many events scheduled for this weekend have been canceled or rescheduled due to the Tick Fire, which marks the larg\xe2\x80\xa6 https://t.co/KMINLVU0pl'"
2019-10-26 03:28:45,b'RT @SCVSHERIFF: We understand some residents are frustrated who are still under mandatory evacuations. Keep in mind there may not appear to\xe2\x80\xa6'
2019-10-26 03:28:17,b'RT @SCVSHERIFF: We understand some residents are frustrated who are still under mandatory evacuations. Keep in mind there may not appear to\xe2\x80\xa6'
2019-10-26 03:23:01,b'RT @SCVSHERIFF: We understand some residents are frustrated who are still under mandatory evacuations. Keep in mind there may not appear to\xe2\x80\xa6'
2019-10-26 03:22:12,b'RT @SCVSHERIFF: We understand some residents are frustrated who are still under mandatory evacuations. Keep in mind there may not appear to\xe2\x80\xa6'
2019-10-26 03:21:48,b'RT @SCVSHERIFF: We understand some residents are frustrated who are still under mandatory evacuations. Keep in mind there may not appear to\xe2\x80\xa6'
2019-10-26 03:20:53,b'RT @SCVSHERIFF: We understand some residents are frustrated who are still under mandatory evacuations. Keep in mind there may not appear to\xe2\x80\xa6'
2019-10-26 03:16:21,b'RT @SCVSHERIFF: We understand some residents are frustrated who are still under mandatory evacuations. Keep in mind there may not appear to\xe2\x80\xa6'
2019-10-26 03:16:02,b'RT @SCVSHERIFF: We understand some residents are frustrated who are still under mandatory evacuations. Keep in mind there may not appear to\xe2\x80\xa6'
2019-10-26 03:15:36,b'RT @SCVSHERIFF: We understand some residents are frustrated who are still under mandatory evacuations. Keep in mind there may not appear to\xe2\x80\xa6'
2019-10-26 03:15:32,b'RT @KHTSRadio: UPDATE (7:15 p.m.) \xe2\x80\x94 Officials with the Los Angeles County Sheriff\xe2\x80\x99s Department are now reporting that the #TickFire is now\xe2\x80\xa6'
2019-10-26 03:15:28,b'RT @SCVSHERIFF: We understand some residents are frustrated who are still under mandatory evacuations. Keep in mind there may not appear to\xe2\x80\xa6'
2019-10-26 03:15:26,b'RT @SCVSHERIFF: We understand some residents are frustrated who are still under mandatory evacuations. Keep in mind there may not appear to\xe2\x80\xa6'
2019-10-26 03:15:08,b'RT @SCVSHERIFF: We understand some residents are frustrated who are still under mandatory evacuations. Keep in mind there may not appear to\xe2\x80\xa6'
2019-10-26 03:14:30,b'RT @SCVSHERIFF: We understand some residents are frustrated who are still under mandatory evacuations. Keep in mind there may not appear to\xe2\x80\xa6'
2019-10-26 03:12:55,b'RT @SCVSHERIFF: We understand some residents are frustrated who are still under mandatory evacuations. Keep in mind there may not appear to\xe2\x80\xa6'
2019-10-26 03:12:31,b'RT @SCVSHERIFF: We understand some residents are frustrated who are still under mandatory evacuations. Keep in mind there may not appear to\xe2\x80\xa6'
2019-10-26 03:12:28,b'I have every reason to smile at the end of this week:\n\n- rebirth of old friendships \n\n-did damn well on my midterms\xe2\x80\xa6 https://t.co/TkWRBt8jZd'
2019-10-26 03:09:31,b'RT @SCVSHERIFF: We understand some residents are frustrated who are still under mandatory evacuations. Keep in mind there may not appear to\xe2\x80\xa6'
2019-10-26 03:09:18,b'RT @SCVSHERIFF: We understand some residents are frustrated who are still under mandatory evacuations. Keep in mind there may not appear to\xe2\x80\xa6'
2019-10-26 03:08:38,b'RT @SCVSHERIFF: We understand some residents are frustrated who are still under mandatory evacuations. Keep in mind there may not appear to\xe2\x80\xa6'
2019-10-26 03:08:37,b'RT @KHTSRadio: UPDATE (7:15 p.m.) \xe2\x80\x94 Officials with the Los Angeles County Sheriff\xe2\x80\x99s Department are now reporting that the #TickFire is now\xe2\x80\xa6'
2019-10-26 03:08:36,b'RT @SCVSHERIFF: We understand some residents are frustrated who are still under mandatory evacuations. Keep in mind there may not appear to\xe2\x80\xa6'
2019-10-26 03:08:33,b'RT @SCVSHERIFF: We understand some residents are frustrated who are still under mandatory evacuations. Keep in mind there may not appear to\xe2\x80\xa6'
2019-10-26 03:08:08,b'RT @SCVSHERIFF: We understand some residents are frustrated who are still under mandatory evacuations. Keep in mind there may not appear to\xe2\x80\xa6'
2019-10-26 03:07:44,b'RT @SCVSHERIFF: We understand some residents are frustrated who are still under mandatory evacuations. Keep in mind there may not appear to\xe2\x80\xa6'
2019-10-26 03:07:37,b'RT @SCVSHERIFF: We understand some residents are frustrated who are still under mandatory evacuations. Keep in mind there may not appear to\xe2\x80\xa6'
2019-10-26 03:07:11,b'RT @SCVSHERIFF: We understand some residents are frustrated who are still under mandatory evacuations. Keep in mind there may not appear to\xe2\x80\xa6'
2019-10-26 03:06:44,b'We understand some residents are frustrated who are still under mandatory evacuations. Keep in mind there may not a\xe2\x80\xa6 https://t.co/472kINkkye'
2019-10-26 03:04:14,b'The fire better be scared\xf0\x9f\x98\xa4\xf0\x9f\x94\xa5 https://t.co/r05o7OKFsT'
2019-10-26 03:01:17,"b'RT @bumblesnot: We needed a break from watching fire coverage, so we put on \xe2\x80\x9cGodzilla\xe2\x80\x9d.\nSome good news is that many evacuees are being allo\xe2\x80\xa6'"
2019-10-26 02:57:57,b'RT @myagiselle__: theres a big ass fire and u girlies r worried abt the FOOTBALL GAME ???'
2019-10-26 02:55:29,"b'@WCKitchen @chefjoseandres Chef. Any help available at Tick Fire?\n50k evacuated, 500 in shelters, 500 Firefighters,\xe2\x80\xa6 https://t.co/6MvQ1XgdvL'"
2019-10-26 02:55:08,b'RT @SCVSignal: Signal reporter \xe2\x81\xa6@lunettacaleb\xe2\x81\xa9 reporting from the scene of the #TickFire around 3 p.m. Thursday. Within minutes the fire ha\xe2\x80\xa6'
2019-10-26 02:54:25,b'While dealing with this fire and with no power I was listening to AM 640 Talk Radio in L. A. area. LOTS of news abo\xe2\x80\xa6 https://t.co/IY8XykxBtn'
2019-10-26 02:50:48,"b'UPDATE (7:45 p.m.):\xc2\xa0Forward progress on the #BortonFire in Val Verde has been stopped at one acre, according to Sup\xe2\x80\xa6 https://t.co/ytDC1WEnEH'"
2019-10-26 02:49:08,"b'RT @SCVEmergencyNow: Vegetation fire reported ~Borton IC on the scene, 1/2 acre creeping uphill. no structures threatened https://t.co/ecqJ\xe2\x80\xa6'"
2019-10-26 02:48:21,"b'Borton IC, line around fire, forward progress stopped'"
2019-10-26 02:47:41,b'RT @KHTSRadio: UPDATE (7:15 p.m.) \xe2\x80\x94 Officials with the Los Angeles County Sheriff\xe2\x80\x99s Department are now reporting that the #TickFire is now\xe2\x80\xa6'
2019-10-26 02:46:00,b'WAIT FIRE FORCE DROPS FRIDAY WTF ?!!?!?!!?!??!?'
2019-10-26 02:44:54,b'RT @SCVSHERIFF: #TickFire ***IS THIS YOUR DOG??*** Rescued by deputy from fire on Husk Ave. Pup is safe and has been taken to Castaic Anima\xe2\x80\xa6'
2019-10-26 02:44:07,b'RT @SCVSHERIFF: #TickFire ***IS THIS YOUR DOG??*** Rescued by deputy from fire on Husk Ave. Pup is safe and has been taken to Castaic Anima\xe2\x80\xa6'
2019-10-26 02:41:59,b'@monicalderons @Shesjustnicolle @hey_its_amaris But wait isn\xe2\x80\x99t theirs no fire there?'
2019-10-26 02:39:07,"b'@Cameron_Smyth Cameron, can we get Info on Val Verde Fire please?'"
2019-10-26 02:37:26,b'@LACoFDPIO @SCVSHERIFF What about Val Verde Fire? Castaic is concerned about Wind Shift'
2019-10-26 02:35:30,b'@LACoFDPIO You are all a blessing to the world. I am a healthcare practitioner and I have utmost respect for the fi\xe2\x80\xa6 https://t.co/HS9SP7drUe'
2019-10-26 02:35:07,b'RT @SCV_HLS: #BortonFire\nVentura County Fire is also on scene assisting with this fire.'
2019-10-26 02:34:00,b'#BortonFire\nVentura County Fire is also on scene assisting with this fire.'
2019-10-26 02:30:00,"b'Santa Clarita Valley residents of all kinds were affected by the devastating Tick Fire, including many animals. https://t.co/O57PAEuEBk'"
